time,step,wmax,phi_prime,energy,enstrophy,continuations,bkm
0.0,0,2.0000000000000067,1.0593684346841414,262144.0000000001,786432.0000000002,0,0.0
0.010593679995379043,100,1.9999432525347132,1.0593671169409329,262143.83337522778,786440.6937487058,0,0.021187158205244232
0.021187333915399988,200,1.9997742956417768,1.0593631937200412,262143.66674707568,786467.7755261832,0,0.04237306819771706
0.03178093571168753,300,1.999493171724855,1.0593566664767486,262143.5001120572,786513.2477823126,0,0.0635564893917226
0.042374459355181936,400,1.9990999511824632,1.0593475376282397,262143.3334666855,786577.1146612884,0,0.08473618187310572
0.052967878845748675,500,1.998594732367482,1.0593358105515605,262143.16680747154,786659.3820008659,0,0.10591090673229607
0.0635611682217636,600,1.9979776415306478,1.0593214895807694,262143.00013092498,786760.0573313297,0,0.12707942639670744
0.07415430156966561,700,1.997248832748068,1.0593045800032868,262142.83343355288,786879.1498741739,0,0.14824050496228036
0.0847472530334691,800,1.996408487832846,1.0592850880554443,262142.66671186074,787016.6705405053,0,0.16939290852395666
0.0953399968242275,900,1.995456816230895,1.0592630209172436,262142.49996234977,787172.631929154,0,0.1905354055048755
0.1059325072294411,1000,1.994394054901069,1.0592383867063309,262142.33318151743,787347.048324519,0,0.2116667669840823
0.11652475862240007,1100,1.993220468179729,1.0592111944711986,262142.16636585793,787539.935694137,0,0.23278576702254464
0.1271167254714567,1200,1.9919363476298722,1.0591814541836193,262141.99951186104,787751.3116859781,0,0.2538911829872691
0.13770838234921698,1300,1.9905420118749972,1.059149176730328,262141.83261600978,787981.1956254696,0,0.2749817958733172
0.14829970394164638,1400,1.989037806417888,1.0591143739039635,262141.66567478463,788229.6085122783,0,0.29605639062352146
0.15889066505708138,1500,1.9874241034444595,1.0590770583932798,262141.49868465858,788496.5730168074,0,0.31711375644570183
0.16948124063513828,1600,1.9857013016129232,1.0590372437726456,262141.33164209832,788782.1134764603,0,0.33815268712719115
0.18007140575551556,1700,1.983869825828454,1.0589949444908437,262141.16454356431,789086.2558916542,0,0.35917198134647793
0.19066113564667872,1800,1.9819301270035996,1.0589501758591893,262140.9973855091,789409.0279215861,0,0.3801704429817763
0.20125040569442487,1900,1.9798826818046877,1.0589029540389825,262140.83016437953,789750.4588797786,0,0.40114688141634225
0.21183919145031746,2000,1.9777279923844597,1.0588532960283141,262140.66287661222,790110.5797293764,0,0.42210011184035495
0.22242746863998636,2100,1.9754665861012461,1.0588012196482424,262140.4955186363,790489.4230782413,0,0.44302895554918686
0.23301521317128643,2200,1.9730990152249355,1.0587467435283626,262140.32808687285,790887.0231738272,0,0.4639322402378903
0.24360240114230922,2300,1.9706258566300352,1.0586898870917862,262140.16057773217,791303.4158978395,0,0.4848088002917326
0.2541890088492414,2400,1.9680477114761543,1.0586306705395558,262139.99298761587,791738.6387607118,0,0.5056574770726191
0.26477501279406457,2500,1.9653652048762007,1.0585691148345122,262139.82531291546,792192.7308958787,0,0.5264771192012423
0.27536038969209115,2600,1.9625789855526379,1.0585052416846399,262139.65755001083,792665.7330538707,0,0.5472665828348051
0.285945116479332,2700,1.9596897254821475,1.0584390735259128,262139.48969527264,793157.687596243,0,0.5680247319401729
0.29652917031968784,2800,1.9566981195290145,1.0583706335046634,262139.32174505855,793668.6384893216,0,0.5887504385623028
0.3071125286119657,2900,1.9536048850676435,1.0582999454594988,262139.15369571574,794198.6312978147,0,0.6094425830878218
0.3176951689967092,3000,1.950410761594521,1.0582270339027904,262138.98554357883,794747.71317826,0,0.6301000545036134
0.3282770693628427,3100,1.9471165103300379,1.0581519240017587,262138.8172849698,795315.9328723426,0,0.6507217506502908
0.33885820785412546,3200,1.9437229138105312,1.0580746415591806,262138.6489161974,795903.3407000834,0,0.6713065784704296
0.34943856287540975,3300,1.9402307754709478,1.057995212993745,262138.4804335575,796509.988552911,0,0.6918534542514508
0.36001811309870096,3400,1.9366409192185121,1.0579136653200807,262138.31183333133,797135.9298866193,0,0.7123613038630353
0.37059683746901767,3500,1.9329541889978137,1.057830026128481,262138.14311178782,797781.2197142395,0,0.7328290629889737
0.3811747152100467,3600,1.9291714483476954,1.057744323564357,262137.97426517948,798445.914598801,0,0.7532556773533486
0.3917517258295906,3700,1.925293579950389,1.0576565863074392,262137.80528974492,799130.0726460401,0,0.7736401029409543
0.4023278491248081,3800,1.9213214851732767,1.057566843550754,262137.63618170755,799833.7534970203,0,0.7939813062118741
0.41290306518724157,3900,1.9172560836037127,1.057475124979407,262137.46693727525,800557.0183207043,0,0.8142782643101258
0.42347735440763257,4000,1.9130983125773244,1.057381460749192,262137.2975526398,801299.9298064746,0,0.8345299652663075
0.434050697480521,4100,1.9088491267002032,1.0572858814650552,262137.12802397576,802062.5521566132,0,0.854735408194173
0.44462307540863216,4200,1.9045094973654397,1.05718841815944,262136.9583474428,802844.9510787674,0,0.8748936034810703
0.4551944695070404,4300,1.9000804122643709,1.0570891022705367,262136.78851918143,803647.1937783759,0,0.8950035729721908
0.4657648614071219,4400,1.8955628748930293,1.0569879656204637,262136.6185353163,804469.3489511115,0,0.9150643501485773
0.47633423306028444,4500,1.8909579040541724,1.0568850403934047,262136.4483919542,805311.4867753108,0,0.935074980298846
0.48690256674147875,4600,1.8862665333553237,1.056780359113725,262136.27808518265,806173.6789044179,0,0.9550345206845783
0.49746984505249414,4700,1.8814898107032743,1.0566739546240949,262136.1076110724,807055.9984594646,0,0.9749420406993589
0.5080360509250321,4800,1.8766287977954277,1.0565658600636385,262135.93696567448,807958.5200215655,0,0.9947966220214264
0.5186011676235625,4900,1.8716845696084343,1.0564561088461382,262135.76614502113,808881.3196244679,0,1.0145973587599135
0.5291651787479624,5000,1.866658213884517,1.0563447346383106,262135.59514512465,809824.4747471483,0,1.034343357594666
0.5397280682359411,5100,1.8615508306159119,1.0562317713381828,262135.4239619788,810788.0643064779,0,1.0540337379096258
0.5502898203652435,5200,1.8563635315278104,1.0561172530535863,262135.25259155533,811772.1686499435,0,1.07366763191978
0.5608504197556432,5300,1.8510974395602455,1.0560012140807917,262135.08102980748,812776.8695484737,0,1.0932441847916634
0.5714098513707219,5400,1.8457536883492758,1.0558836888833067,262134.90927266746,813802.2501893311,0,1.1127625547574373
0.5819681005194374,5500,1.8403334217078953,1.0557647120708527,262134.7373160455,814848.3951691112,0,1.1322219132225393
0.5925251528574831,5600,1.834837793107051,1.0556443183785453,262134.5651558315,815915.3904868551,0,1.151621444866943
0.6030809943884394,5700,1.8292679651571462,1.0555225426462944,262134.3927878943,817003.3235372696,0,1.1709603477400157
0.6136356114647216,5800,1.8236251090903979,1.055399419798441,262134.22020807953,818112.2831040672,0,1.1902378333490362
0.62418899078832,5900,1.8179104042444474,1.0552749848236525,262134.0474122108,819242.359353448,0,1.209453126741381
0.6347411194113519,6000,1.8121250375475635,1.0551492727550866,262133.8743960899,820393.6438277166,0,1.2286054665804178
0.645291984736404,6100,1.8062702030057984,1.0550223186508498,262133.70115549618,821566.2294390438,0,1.2476941052151598
0.6558415745166888,6200,1.8003471011924437,1.0548941575747535,262133.52768618418,822760.210463379,0,1.2667183087437068
0.6663898768560067,6300,1.7943569387401521,1.054764824577393,262133.3539838871,823975.6825345361,0,1.285677357070538
0.6769368802085226,6400,1.788300927836016,1.054634354677559,262133.18004431474,825212.7426384359,0,1.3045705439577062
0.6874825733783552,6500,1.782180285719951,1.0545027828439903,262133.0058631515,826471.4891075194,0,1.3233971770699766
0.6980269455189918,6600,1.7759962341867068,1.0543701439774915,262132.83143605752,827752.021615351,0,1.3421565780139972
0.7085699861325163,6700,1.7697499990918086,1.0542364728934135,262132.65675867003,829054.4411714097,0,1.3608480823715419
0.7191116850686745,6800,1.7634428098617017,1.0541018043045187,262132.48182660114,830378.8501160591,0,1.3794710397269108
0.7296520325237615,6900,1.757075899008425,1.0539661728042344,262132.3066354382,831725.3521157233,0,1.3980248136885534
0.7401910190393487,7000,1.7506505016490645,1.053829612850307,262132.13118074235,833094.0521582596,0,1.4165087819049815
0.7507286355008483,7100,1.7441678550302806,1.053692158748864,262131.95545805,834485.056548544,0,1.4349223360750738
0.7612648731359183,7200,1.7376291980581497,1.0535538446388912,262131.7794628727,835898.4729042654,0,1.453264881952826
0.7717997235127173,7300,1.7310357708335704,1.0534147044771351,262131.60319069467,837334.4101519259,0,1.4715358393466489
0.7823331785380091,7400,1.724388814193498,1.053274772023432,262131.42663697485,838792.9785230729,0,1.4897346421132949
0.7928652304551221,7500,1.7176895692582066,1.0531340808264726,262131.24979714496,840274.2895507436,0,1.5078607381465035
0.8033958718417696,7600,1.710939276984832,1.0529926642100094,262131.072666611,841778.4560661407,0,1.525913589360461
0.8139250956077337,7700,1.7041391777273691,1.052850555259502,262130.89524075127,843305.5921955296,0,1.5438926716681536
0.8244528949924167,7800,1.6972905108033647,1.0527077868092156,262130.71751491778,844855.8133573742,0,1.5617974749547385
0.8349792635622707,7900,1.690394514067458,1.052564391429766,262130.53948443415,846429.2362596954,0,1.5796275030459919
0.8455041952080998,8000,1.6834524234919848,1.0524204014161178,262130.36114459753,848025.9788976749,0,1.597382273671978
0.8560276841422438,8100,1.6764654727547845,1.0522758487760366,262130.1824906766,849646.1605514862,0,1.6150613184260039
0.8665497248956534,8200,1.6694348928343896,1.0521307652189946,262130.0035179115,851289.901784365,0,1.632664182718982
0.8770703123148526,8300,1.6623619116127522,1.051985182145532,262129.82422151527,852957.3244409265,0,1.6501904257292948
0.8875894415588018,8400,1.655247753485623,1.0518391306370714,262129.64459667148,854648.551645708,0,1.6676396203482866
0.898107108095653,8500,1.6480936389807415,1.0516926414461876,262129.46463853496,856363.7078019623,0,1.6850113531214563
0.9086233076994195,8600,1.6409007843839483,1.051545744987326,262129.28434223216,858102.9185906872,0,1.7023052241854892
0.919138036446548,8700,1.633670401373319,1.051398471327973,262129.1037028596,859866.3109698948,0,1.7195208472012236
0.9296512907124074,8800,1.626403696661445,1.0512508501802733,262128.92271548504,861654.0131741196,0,1.7366578492826565
0.9401630671676975,8900,1.619101871645932,1.0511029108930898,262128.74137514594,863466.154714169,0,1.753715870922111
0.9506733627747781,9000,1.6117661220682102,1.0509546824445057,262128.5596768502,865302.866377108,0,1.7706945659116633
0.9611821747839226,9100,1.6043976376807345,1.0508061934347614,262128.37761557568,867164.2802264848,0,1.7875936012609455
0.9716895007295112,9200,1.5969976019226293,1.0506574720796238,262128.19518627063,869050.5296027926,0,1.8044126571114378
0.9821953384261518,9300,1.5895671916038314,1.050508546204183,262128.01238385143,870961.749124157,0,1.8211514266473494
0.9926996859647462,9400,1.5821075765977952,1.0503594432370709,262127.82920320352,872898.0746872686,0,1.837809616003219
1.0032025417084982,9500,1.574619919542795,1.0502101902050944,262127.64563918242,874859.643468543,0,1.8543869441683205
1.0137039042888671,9600,1.5671053755518325,1.050060813728281,262127.4616866123,876846.5939255063,0,1.8708831428880088
1.024203772601483,9700,1.5595650919311983,1.0499113400153253,262127.27734028574,878859.0657984079,0,1.8872979565620949
1.0347021458020091,9800,1.5520002079076956,1.0497617948594355,262127.09259496353,880897.2001120605,0,1.9036311421403729
1.0451990233019675,9900,1.5444118543645202,1.0496122036345683,262126.9074453747,882961.1391778997,0,1.9198824690154104
1.0556944047645316,10000,1.5368011535858157,1.0494625912920463,262126.72188621646,885051.0265962642,0,1.936051718912695
1.0661882901002813,10100,1.5291692190098758,1.0493129823575527,262126.5359121539,887167.0072588923,0,1.9521386857782634
1.076680679462938,10200,1.52151715499099,1.0491634009284923,262126.3495178188,889309.2273516261,0,1.9681431756639087
1.0871715732450664,10300,1.513846056569912,1.049013870671713,262126.16269781045,891477.8343573359,0,1.9840650066100771
1.0976609720737602,10400,1.5061570092529175,1.0488644148215793,262125.97544669555,893672.977059046,0,1.999904008526554
1.1081488768063101,10500,1.4984510887994142,1.0487150561783896,262125.7877590079,895894.8055432662,0,2.0156600230710566
1.1186352885258546,10600,1.4907293610180565,1.048565817107127,262125.5996292467,898143.471203518,0,2.031332903525819
1.1291202085370244,10700,1.482992881571346,1.04841671953654,262125.41105187792,900419.126744068,0,2.0469225146722834
1.1396036383615755,10800,1.4752426957886309,1.0482677849585378,262125.22202133524,902721.9261838562,0,2.062428732664006
1.1500855797340201,10900,1.4674798384874532,1.0481190344278983,262125.03253201666,905052.0248605979,0,2.077851444897852
1.1605660345972524,11000,1.4597053338031976,1.0479704885622738,262124.84257828604,907409.5794350938,0,2.0931905498836056
1.1710450050981813,11100,1.4519201950269593,1.0478221675424901,262124.65215447283,909794.7478957112,0,2.108445957112075
1.181522493583365,11200,1.4441254244515607,1.0476740911131281,262124.4612548724,912207.6895630558,0,2.1236175869218017
1.1919985025946498,11300,1.4363220132256287,1.0475262785833788,262124.2698737448,914648.5650948082,0,2.138705370364454
1.2024730348648245,11400,1.4285109412156702,1.0473787488281636,262124.07800531414,917117.5364907435,0,2.1537092490690144
1.2129460933132818,11500,1.420693176876051,1.0472315202895115,262123.88564377007,919614.7670979244,0,2.168629175104829
1.2234176810417006,11600,1.4128696771267786,1.0470846109781808,262123.6927832662,922140.4216160525,0,2.1834651108436414
1.2338878067720322,11700,1.4051309119578042,1.0469397122768909,262123.49941781946,924694.6674382228,0,2.1982173459422176
1.2443564996720067,11800,1.397558670613064,1.046798334380308,262123.30554103444,927277.6784122738,0,2.2128873470680057
1.2548237927221049,11900,1.3901175920202318,1.0466597926341352,262123.11114640534,929889.6309591917,0,2.2274768050431946
1.2652897240273868,12000,1.3828681680256305,1.0465251875450743,262122.9162272911,932530.7044689005,0,2.2419877251174456
1.2757543148733195,12100,1.375732809768683,1.046393054589155,262122.72077732312,935201.0757520627,0,2.2564211454754592
1.2862176112765056,12200,1.3688003615173137,1.0462650149307182,262122.52478963273,937900.9295916627,0,2.2707795566560276
1.2966796293639973,12300,1.3618729409283477,1.0461373980087847,262122.32825786766,940630.4447779816,0,2.28506371196275
1.3071404011856844,12400,1.3552853548246488,1.0460163467586256,262122.13117533893,943389.8058400769,0,2.299275328590058
1.3175999788041355,12500,1.3490393171393265,1.0459018459480514,262121.93353493523,946179.2043821606,0,2.3134172850317776
1.3280585285998305,12600,1.3441090751952018,1.0458116541588032,262121.73532732893,948998.8649509533,0,2.3274992244153485
1.338516248594581,12700,1.3399336257600554,1.04573539986701,262121.53654251894,951849.0240802357,0,2.3415326104433096
1.3489733017737469,12800,1.3366251457990623,1.0456750629524731,262121.33717108885,954729.912327522,0,2.35552694139775
1.3594298074068225,12900,1.3341341967533664,1.0456296845324065,262121.1372043845,957641.7513640784,0,2.3694891730798378
1.3698859182994914,13000,1.3320687185800724,1.0455920890406432,262120.9366330413,960584.7752153787,0,2.383428234524151
1.3803416798669357,13100,1.3305214596078556,1.0455639450767056,262120.73544968935,963559.1904936497,0,2.39734678536722
1.3907978069472784,13200,1.3366113991946191,1.045674812410357,262120.53363396617,966565.3993229927,0,2.411287238596539
1.4012551711986618,13300,1.3434337639124132,1.045799313208046,262120.33116225526,969603.8598712755,0,2.4253003666720816
1.4117137813371852,13400,1.3502483798212954,1.0459239893730634,262120.1280274674,972674.7879114,0,2.439386476921653
1.4221736390504793,13500,1.357054541922765,1.0460488275502944,262119.92422260437,975778.398921517,0,2.453545503876896
1.4326347800071801,13600,1.364413398091402,1.0461841600570405,262119.71973995253,978914.9203474855,0,2.4677793911867396
1.4430973180003235,13700,1.37204531988246,1.0463249069115574,262119.51457020734,982084.6055903882,0,2.4820945646408212
1.453561265245022,13800,1.3796749191943305,1.0464660113952597,262119.30870598895,985287.6799671263,0,2.4964915150586724
1.4640266252415652,13900,1.3873013363867326,1.0466074581253244,262119.10214003624,988524.3679977758,0,2.5109702399843066
1.4744934013355875,14000,1.3949237127330525,1.0467492315540958,262118.89486504003,991794.8959687572,0,2.5255307278214993
1.4849615967164826,14100,1.4025411910889305,1.0468913159809519,262118.68687364453,995099.4919424539,0,2.540172957834966
1.4954312144159259,14200,1.410152916563383,1.0470336955644834,262118.4781584455,998438.3857670024,0,2.5548969001586803
1.505902257306537,14300,1.4177580371913177,1.0471763543349684,262118.26871198887,1001811.8090862668,0,2.5697025158112927
1.516374728100654,14400,1.4253557046063032,1.0473192762071184,262118.05852677266,1005219.9953500254,0,2.584589756718776
1.526848629349244,14500,1.432945074712437,1.0474624449930825,262117.84759524564,1008663.1798243456,0,2.5995585657442213
1.537323963440942,14600,1.440525308354148,1.0476058444156822,262117.6359098047,1012141.5996021731,0,2.6146088767248603
1.5478007716842759,14700,1.4487223189718401,1.0477613660687575,262117.42346200597,1015655.5067881299,0,2.629742862271372
1.5582791862432301,14800,1.457227797446392,1.0479232405828718,262117.21024148693,1019205.1868504868,0,2.644967764394818
1.5687592217758668,14900,1.4657299302790159,1.0480855619861862,262116.99624019727,1022790.8885426618,0,2.660284143081315
1.5792408826530464,15000,1.4742276451220193,1.0482483104369755,262116.7814502382,1026412.8591718397,0,2.675691991632997
1.5897241730461449,15100,1.4827198721208128,1.0484114658813097,262116.56586365984,1030071.3479777309,0,2.6911912919199783
1.6002090969250253,15200,1.4912055448813228,1.0485750080711678,262116.34947245865,1033766.6061443188,0,2.7067820143946757
1.6106956580561842,15300,1.4996836014414667,1.0487389165830658,262116.1322685782,1037498.8868118826,0,2.7224641181164677
1.6211838600010948,15400,1.5081529852445343,1.0489031708371692,262115.9142439088,1041268.4450893005,0,2.738237550786752
1.6316737061147366,15500,1.5166126461121876,1.0490677501168415,262115.69539028636,1045075.5380666475,0,2.7541022487944713
1.642165199544328,15600,1.5250615412146669,1.0492326335885886,262115.4756994924,1048920.424828112,0,2.7700581372721
1.6526583432282593,15700,1.5334986360355984,1.049397800322345,262115.2551632549,1052803.3664652435,0,2.786105130162071
1.663153195483615,15800,1.5427040975233686,1.0495785957673458,262115.03377207083,1056724.646960801,0,2.8022462276365756
1.673649905868401,15900,1.5521847054580054,1.0497654371163136,262114.81151442538,1060684.5878059845,0,2.8184893393921526
1.6841484872214083,16000,1.5616581552977191,1.049952789982417,262114.5883816058,1064683.4624529039,0,2.8348348432119774
1.6946489445223099,16100,1.5711230480438263,1.0501406269400038,262114.36436500255,1068721.5436472266,0,2.8512826998432397
1.7051512824750317,16200,1.5805779895070495,1.0503289202670187,262114.13945594986,1072799.1062630643,0,2.867832855026946
1.7156555055049265,16300,1.590021591717448,1.050517641973069,262113.91364572334,1076916.427317293,0,2.8844852395301603
1.7261616177562364,16400,1.5994524743420253,1.050706763828393,262113.68692554228,1081073.7859842917,0,2.90123976919346
1.7366696230898384,16500,1.608869266108039,1.0508962573936989,262113.4592865667,1085271.46361109,0,2.918096344993673
1.7471795250813116,16600,1.6182706062301437,1.051086094050844,262113.23071989667,1089509.7437329672,0,2.935054853122072
1.7576913270192933,16700,1.6276551458396327,1.0512762450343183,262113.00121657515,1093788.9120895257,0,2.952115165078057
1.7682050319041693,16800,1.6370215494141762,1.0514666814635067,262112.77076758278,1098109.256641237,0,2.969277137778426
1.778720760601241,16900,1.647560689784193,1.0516817439969608,262112.53936123895,1102471.1168257296,0,2.9865469604377144
1.7892386470786237,17000,1.6581077125122612,1.0518977990788299,262112.30698546208,1106874.8418169399,0,3.003931333844633
1.799758696626719,17100,1.6686386069732289,1.0521143564799071,262112.07363091694,1111320.7306411571,0,3.0214301547914206
1.8102809140695917,17200,1.6791514845278983,1.052331375910089,262111.8392882091,1115809.084632027,0,3.0390432972883805
1.8208053038266545,17300,1.6896444694834183,1.0525488167338497,262111.60394788103,1120340.2074742457,0,3.0567706148943468
1.831331869909483,17400,1.7001157016614088,1.0527666380269833,262111.367600415,1124914.4052208413,0,3.0746119408271992
1.841860615919225,17500,1.7105633389983539,1.0529847986355703,262111.13023623015,1129531.9863110348,0,3.0925670881025993
1.8523915450446045,17600,1.720985560172914,1.0532032572370722,262110.8918456841,1134193.2615887485,0,3.1106358497013553
1.862924660060543,17700,1.731380567254309,1.0534219724034526,262110.65241907057,1138898.5443217584,0,3.1288179987657743
1.8734599633274238,17800,1.7417465883654035,1.0536409026661906,262110.41194661995,1143648.1502215387,0,3.147113288825344
1.8839974964369341,17900,1.7528118371094104,1.0538755124859682,262110.17041758975,1148442.4155840368,0,3.165523532862279
1.8945374846931402,18000,1.764516136662178,1.0541246997976532,262109.9278169097,1153281.7647804506,0,3.184059903434368
1.9050799667740417,18100,1.776188848323968,1.0543742707846466,262109.68413366948,1158166.5417958293,0,3.2027238884133857
1.9156249462039356,18200,1.7878272645201305,1.0546241621984433,262109.4393576873,1163097.077511,0,3.2215152049866167
1.9261724258710313,18300,1.7994286912964377,1.0548743100731874,262109.19347871817,1168073.7053545718,0,3.2404335405877505
1.9367224080205927,18400,1.810990451041214,1.055124649790434,262108.94648645358,1173096.7613191782,0,3.2594785529854327
1.9472748942487388,18500,1.8225098851200192,1.055375116144193,262108.6983705201,1178166.5839781812,0,3.278649870401219
1.9578298854968843,18600,1.8339843564103515,1.0556256434059197,262108.44912048205,1183283.5145028685,0,3.2979470916560736
1.9683873820468418,18700,1.8454112517242174,1.055876165389117,262108.1987258392,1188447.896680104,0,3.3173697863444436
1.9789473835165547,18800,1.8567879841069796,1.0561266155132185,262107.94717602688,1193660.0769304717,0,3.33691749503471
1.9895098951635208,18900,1.8684242219205824,1.0563838429534032,262107.69446026557,1198920.4074819977,0,3.3565900599252365
2.000075150418764,19000,1.8813156123718797,1.056670077701211,262107.44056219605,1204229.3588536987,0,3.3763986468400837
2.0106432680779123,19100,1.894147273090596,1.056956307514619,262107.18546805094,1209587.3504720656,0,3.3963485261736412
2.021214247610751,19200,1.9069154831868733,1.057242435198224,262106.9291668237,1214994.7457634653,0,3.4164391194085297
2.0317880875140077,19300,1.919616583115805,1.0575283633702768,262106.67164744993,1220451.9108488336,0,3.4366698065891748
2.042364785310573,19400,1.932246982694306,1.0578139946829905,262106.41289880156,1225959.214559513,0,3.4570399269201713
2.05294433755096,19500,1.9448031691770473,1.0580992320504088,262106.1529096891,1231517.0284543291,0,3.4775487794557756
2.063526739817091,19600,1.9572817153646072,1.05838397888317,262105.89166885838,1237125.72683796,0,3.4981956238814838
2.074111986728431,19700,1.9696792877148666,1.0586681393294133,262105.62916499533,1242785.6867807282,0,3.5189796813884335
2.0847000719505964,19800,1.9819926544265027,1.0589516185209777,262105.36538672072,1248497.2881398571,0,3.5399001356409334
2.0952909882064183,19900,1.9942186934612582,1.0592343228239596,262105.10032259277,1254260.9135823434,0,3.560956133837169
2.105884854212501,20000,2.007790435918163,1.0595495910278505,262104.83395790507,1260077.0185972662,0,3.582152908097733
2.1164819565552153,20100,2.0216856782930837,1.0598739572444122,262104.56627355475,1265946.1578882579,0,3.6035034605052476
2.1270822974401646,20200,2.035467471105903,1.0601972634469978,262104.29725744313,1271868.7357757343,0,3.625007235461233
2.1376858655127866,20300,2.0491307696102394,1.060519357325777,262104.0268977209,1277845.1526478187,0,3.6466630695456392
2.1482926478988875,20400,2.0626706564309734,1.0608400873293051,262103.75518248646,1283875.811545697,0,3.668469741781748
2.158902630213904,20500,2.0760823511320003,1.0611593030005355,262103.4820997838,1289961.118172585,0,3.6904259749199775
2.1695157965754994,20600,2.0893612194623126,1.0614768553134593,262103.20763760555,1296101.4809045733,0,3.7125304368338288
2.180132129619548,20700,2.102502782261732,1.0617925970093278,262102.93178389152,1302297.3108034665,0,3.7347817420249907
2.1907516105194635,20800,2.1155027240129516,1.0621063829314956,262102.65452652614,1308549.021631747,0,3.7571784532344434
2.2013743015407425,20900,2.129442887957156,1.0624444681519862,262102.37585117214,1314857.0790921822,0,3.779722932714339
2.2120004933034476,21000,2.143927003036047,1.0627975113661812,262102.09573732244,1321222.0915619575,0,3.80242788082762
2.2226302526569737,21100,2.1590717027033604,1.0631685881099542,262101.8141701592,1327644.5417737719,0,3.8252956759687966
2.233263905025761,21200,2.175198210220894,1.0635659015346575,262101.5311278248,1334125.0763220536,0,3.8483403989910228
2.243901531556175,21300,2.1912411808134156,1.0639633976518623,262101.24659473306,1340664.202146901,0,3.8715648430748275
2.2545431333446175,21400,2.2071957262345308,1.064360928942693,262100.96055729926,1347262.382460991,0,3.894968223351931
2.265188710014718,21500,2.223057092920449,1.0647583484388516,262100.67300186734,1353920.0840378036,0,3.918549699387193
2.275838259724696,21600,2.2388206726787354,1.065155510099911,262100.3839147054,1360637.7772337564,0,3.942308376516106
2.2864917791785433,21700,2.2544820132108994,1.0655522691976946,262100.09328200793,1367415.9360134695,0,3.966243307308604
2.2971492636410664,21800,2.270036828468158,1.0659484827072891,262099.80108989376,1374255.037978454,0,3.9903534931583384
2.3078107069568934,21900,2.2854810088445685,1.0663440097043346,262099.50732440696,1381155.5643995977,0,4.0146378859964855
2.3184761015734607,22000,2.3008106312162884,1.0667387117683311,262099.2119715149,1388118.000253804,0,4.039095390129226
2.3291454385680774,22100,2.3160219688399044,1.0671324533917916,262098.91501710727,1395142.8342652093,0,4.063724864198175
2.3398187076791013,22200,2.331111501126413,1.0675251023951648,262098.61644699686,1402230.5589514144,0,4.0885251232630955
2.3504959703837986,22300,2.3469697918993107,1.0679399757757648,262098.31624485596,1409381.7198047948,0,4.1134981425346195
2.3611774795762295,22400,2.3631451898683666,1.0683654987521236,262098.0143887768,1416596.9986128318,0,4.1386540230107896
2.3718632250623566,22500,2.37908430096977,1.0687871404720986,262097.7108640711,1423876.9081527314,0,4.163991471654995
2.3825531663906205,22600,2.3947782343976622,1.069204570002789,262097.405656795,1431221.945351337,0,4.189507954247829
2.3932472598064156,22700,2.410218313296198,1.069617457789088,262097.0987529935,1438632.6092319745,0,4.215200829737843
2.4039454582690483,22800,2.425396086097348,1.0700254762957746,262096.79013870287,1446109.4008989795,0,4.241067352344532
2.4146478498983703,22900,2.442111561644187,1.0704773029945323,262096.4797959282,1453652.9215110922,0,4.26711059338954
2.425355018624099,23000,2.459881439309499,1.0709604825138528,262096.1676919957,1461264.1338912102,0,4.2933542045126165
2.436067005856555,23100,2.4776741682985364,1.0714472409951328,262095.85380967852,1468943.6301961825,0,4.319798886404372
2.446783997720244,23200,2.49617120010815,1.0719564188797923,262095.5381273109,1476692.114673223,0,4.3464514174832525
2.4575060913142384,23300,2.514785813382943,1.0724720918001642,262095.2206256089,1484510.237113289,0,4.37331473887655
2.4682334916900484,23400,2.53418526908845,1.0730130013513937,262094.9012818606,1492398.735764727,0,4.400396241154482
2.4789662889010193,23500,2.553367166538774,1.0735513680826048,262094.58007652638,1500358.2748646108,0,4.427698420171452
2.4897044555782717,23600,2.5723213067215687,1.0740867999236412,262094.2569933993,1508389.4394336827,0,4.455219022709722
2.5004479648825786,23700,2.591371495327871,1.0746284240468114,262093.93201612093,1516492.8210820444,0,4.482955871701714
2.5111973261652887,23800,2.613068706603328,1.075249575728581,262093.60511184423,1524669.4273631924,0,4.510928479066413
2.5219528844465744,23900,2.634504582126123,1.0758677325520123,262093.27625226666,1532920.1596634975,0,4.539149180172945
2.532714607985139,24000,2.655671618018533,1.0764825351461522,262092.9454203052,1541245.6432664765,0,4.567615304723385
2.54348246152949,24100,2.6765630887319327,1.0770936411404541,262092.61259884,1549646.5077779791,0,4.596324089527632
2.554256406491208,24200,2.697173034676842,1.077700725769115,262092.277770709,1558123.387360835,0,4.625272686883537
2.5650364011225557,24300,2.7174962389671586,1.0783034821256625,262091.94091870316,1566676.9209931334,0,4.654458172830397
2.575822400694808,24400,2.737528193049688,1.0789016210434725,262091.60202556133,1575307.7527487162,0,4.683877555146098
2.5866143576734455,24500,2.7572650511731847,1.0794948705839111,262091.26107396817,1584016.5320981857,0,4.7135277809552925
2.597412221886245,24600,2.7767035738541863,1.0800829751208108,262090.9180465466,1592803.9142283842,0,4.7434057438147805
2.6082159406801857,24700,2.7958410607177315,1.0806656940179764,262090.57292585674,1601670.5603781375,0,4.773508290144152
2.619025459063155,24800,2.8146752733265843,1.0812427999052416,262090.22569439,1610617.138187808,0,4.803832224874115
2.629840834841251,24900,2.8355963094359558,1.081888079212732,262089.87633083964,1619644.4184651978,0,4.834378817104037
2.6406636707861373,25000,2.861295199903993,1.0826868481390184,262089.52476334444,1628754.4901706665,0,4.865207562611102
2.6514944863090153,25100,2.8867241303657125,1.0834839069353688,262089.1709541657,1637948.5756747099,0,4.896335924250544
2.6623332622502374,25200,2.9118756515896513,1.084278844326165,262088.814882714,1647227.4614163693,0,4.927761286876744
2.6731799754737215,25300,2.936743430352604,1.0850712768094117,262088.45652833153,1656591.9425850315,0,4.959480940990179
2.684034599150625,25400,2.9613222333622415,1.0858608497591513,262088.09587027988,1666042.8237493525,0,4.991492095035826
2.6948971030511872,25500,2.985607894623178,1.086647237948529,262087.73288773367,1675580.9195372122,0,5.023791887553165
2.705767453838743,25600,3.0095972657553878,1.0874301454443616,262087.36755977088,1685207.0553638432,0,5.05637739897549
2.7166456153594014,25700,3.0332881490617494,1.0882093048339316,262086.99986536033,1694922.068204621,0,5.089245662868898
2.727531548920577,25800,3.0566792134653755,1.0889844757565954,262086.6297833536,1704726.8074083964,0,5.122393676397845
2.7384252135513103,25900,3.0797698937938502,1.0897554427265221,262086.2572924749,1714622.135546653,0,5.155818409804509
2.749326566237336,26000,3.1025602742717218,1.0905220122483719,262085.88237131128,1724608.9292933873,0,5.189516814694354
2.7602355621238543,26100,3.1250509574886287,1.0912840092447456,262085.50499830412,1734688.080330288,0,5.223485830930298
2.771152154679338,26200,3.147242920530687,1.0920412728325437,262085.1251517422,1744860.4962716487,0,5.257722391953258
2.7820762958140732,26300,3.1691373603887527,1.0927936515046321,262084.74280975407,1755127.1016035029,0,5.292223428367518
2.793008979300586,26400,3.1981972425795786,1.0938003825779448,262084.35791346326,1765489.8318224726,0,5.327022578855504
2.803952251131353,26500,3.228624793397724,1.0948644727872545,262083.97036552633,1775951.6870034703,0,5.362188468706985
2.8149061586057518,26600,3.2587308692414383,1.0959274255745441,262083.58013800703,1786513.8228274186,0,5.397720082663991
2.825870688243916,26700,3.288511288497549,1.0969888262398995,262083.18720480232,1797177.3628755691,0,5.433614470675129
2.836845822738975,26800,3.3179638452772284,1.098048325297837,262082.79153964235,1807943.4535125988,0,5.469868623492497
2.8478315416243927,26900,3.3470882943201814,1.099105641386644,262082.39311606516,1818813.265749842,0,5.506479495984365
2.858827821965538,27000,3.3758863110334536,1.1001605631802824,262081.991907385,1829787.997240911,0,5.54344403044078
2.869834639065092,27100,3.4043614260642405,1.1012129502190542,262081.58788666327,1840868.8744059247,0,5.580759179558015
2.880851967171109,27200,3.432518934232573,1.1022627325927639,262081.18102667673,1852057.1546793752,0,5.618421928776613
2.8918797801760476,27300,3.460365778114019,1.103309909430366,262080.77129988233,1863354.1288756947,0,5.656429317642388
2.9029180522946856,27400,3.4879104070567744,1.104354546172685,262080.3586783884,1874761.1236657389,0,5.694778459860221
2.913966758708716,27500,3.5151626129329467,1.1053967706293613,262079.9431339177,1886279.504156654,0,5.733466561717777
2.9250258761660115,27600,3.5421333444502365,1.1064367678472162,262079.5246377737,1897910.6765672185,0,5.772490938570416
2.9360953835229013,27700,3.5688345023764283,1.1074747738442239,262079.10316081077,1909656.0909905047,0,5.811849029099776
2.9471761970707404,27800,3.602800411899787,1.1088073375482952,262078.67863747437,1921518.2494633675,0,5.851568650527538
2.958271677703599,27900,3.6405194693018696,1.1103031610018255,262078.25090638723,1933502.3886729733,0,5.891753773017441
2.969382096756213,28000,3.677712918390308,1.1117947371664019,262077.8199226986,1945610.5449215425,0,5.932409175566639
2.9805074046685647,28100,3.714360767574604,1.1132806445352303,262077.38565335766,1957844.4666028393,0,5.9735298324196
2.991647537981,28200,3.7504454423280045,1.1147595267670691,262076.9480653879,1970205.9436608907,0,6.0151104272415274
3.0028024200263768,28300,3.785951819330191,1.116230100665815,262076.50712586765,1982696.8107795557,0,6.057145379969161
3.0139719616959417,28400,3.8208672310676937,1.1176911629176496,262076.06280189587,1995318.9508418734,0,6.099628874550186
3.025156062265967,28500,3.8551814411096283,1.119141595473825,262075.6150605634,2008074.2986580897,0,6.1425548872035
3.0363546102711947,28600,3.888886591047579,1.1205803695076648,262075.16386891645,2020964.8449596977,0,6.185917214827385
3.0475674844106626,28700,3.921977120879727,1.1220065479194175,262074.70919391367,2033992.6406558424,0,6.229709503187947
3.058794554471467,28800,3.954449665405517,1.123419286410749,262074.25100238956,2047159.80134797,0,6.273925274536807
3.0700357034719907,28900,3.9879430226436456,1.124890185725496,262073.78926013224,2060468.5373356277,0,6.318558701100031
3.081296753073394,29000,4.04318339846199,1.1273467836774371,262073.32368607196,2073928.274970755,0,6.363779749962897
3.0925824366804866,29100,4.097869533969451,1.1298165360764238,262072.85403755473,2087547.4855752857,0,6.4097200897210005
3.1038928685281846,29200,4.151945632881034,1.1322959460491395,262072.38026002736,2101329.3153250655,0,6.456376310376564
3.1152281279461427,29300,4.205359835656176,1.1347815360505102,262071.90229935222,2115276.991628886,0,6.503744220806859
3.1265882597436483,29400,4.258064676386581,1.1372698865724908,262071.42010180408,2129393.828453504,0,6.551818884590873
3.137973274979969,29500,4.310017483398563,1.1397576743500533,262070.93361404625,2143683.2324529686,0,6.600594663198636
3.149383152109877,29600,4.361180711385087,1.1422417089957697,262070.44278309325,2158148.709936755,0,6.65006526600076
3.16081783848323,29700,4.411522193536672,1.1447189669591964,262069.94755624846,2172793.874697827,0,6.700223806344838
3.172277252166337,29800,4.461015303233226,1.1471866217108404,262069.44788103452,2187622.4567066105,0,6.751062862736048
3.183761284042121,29900,4.509639016406931,1.1496420690965004,262068.94370509783,2202638.3116596,0,6.80257454395968
3.195277367156692,30000,4.589548645281562,1.1537447011657531,262068.43464045582,2217855.4834254505,0,6.854957239323876
3.2068358154605714,30100,4.670492263563519,1.157986010078319,262067.9201600157,2233292.495387462,0,6.908477077677033
3.2184366080758897,30200,4.74952349935673,1.1622105031319347,262067.4001871213,2248954.659282396,0,6.963121123989847
3.2300794901136465,30300,4.826427598457608,1.1664005824069998,262066.87465390746,2264847.2106637447,0,7.018871398759701
3.2417640288485567,30400,4.90099812910975,1.1705383161973932,262066.3434990349,2280975.3833410824,0,7.0757062791775205
3.253489611632487,30500,4.973039403410725,1.174605695124797,262065.80666800792,2297344.406663693,0,7.1336005166643215
3.2652566198565274,30600,5.054038875939707,1.1792609702697958,262065.26405907894,2313961.1724813804,0,7.192556166651164
3.2770784491708445,30700,5.155066274403369,1.1851889847980026,262064.7149611659,2330851.6081231055,0,7.2529046065853775
3.288960284738392,30800,5.256272510488364,1.191262542335307,262064.15902812043,2348030.9515091814,0,7.3147610697917695
3.30090354691095,30900,5.357539435472715,1.197474416087133,262063.59608186697,2365509.65224275,0,7.378146658124773
3.3129095797948396,31000,5.4587500943067155,1.2038165917668617,262063.02594283043,2383298.57490849,0,7.443081100973487
3.324979643894338,31100,5.559790235730264,1.210280377074176,262062.4484301933,2401409.0135060865,0,7.50958267808495
3.337114909989127,31200,5.660549952087054,1.2168565391703206,262061.86336209628,2419852.707784664,0,7.577668163900565
3.3493164545195375,31300,5.760925421016491,1.2235354686613695,262061.2705557806,2438641.8618235486,0,7.647352798013827
3.3615852567311193,31400,5.86082071071557,1.2303073670754214,262060.66982763927,2457789.1651898203,0,7.71865028611225
3.3739221977918215,31500,5.960149599536967,1.2371624531799923,262060.0609931799,2477307.81696638,0,7.791572835240088
3.3863280620402576,31600,6.058837349928998,1.2440911818190554,262059.44386687086,2497211.5528819165,0,7.866131226381181
3.3988035404523793,31700,6.15682236687605,1.251084467362035,262058.8182618748,2517514.675684114,0,7.942334926197644
3.411349236327709,31800,6.254057662927057,1.258133902469948,262058.18398965138,2538232.088777826,0,8.020192238277023
3.4239656730977517,31900,6.350512046534382,1.2652319618227177,262057.54085943548,2559379.3330014055,0,8.09971049246612
3.4366533040522023,32000,6.446170948691833,1.2723721798376373,262056.88867758965,2580972.6262385165,0,8.180896268861723
3.449412523668028,32100,6.541036805596579,1.2795492913476643,262056.22724684328,2603028.9053638307,0,8.263755650868728
3.462243680118514,32200,6.635128922916367,1.2867593247784275,262055.55636543484,2625565.8698049737,0,8.348294499532411
3.4751470884403193,32300,6.728482760587122,1.293999638606931,262054.87582617736,2648602.0257782633,0,8.434518739231049
3.488123043753307,32400,6.821148595886399,1.3012688938010806,262054.18541547662,2672156.7300319825,0,8.52243464291632
3.5011718338670894,32500,6.91318954636925,1.308566957477125,262053.48491233485,2696250.231719582,0,8.612049103553426
3.5142937505752796,32600,7.004678962174982,1.3158947360721713,262052.77408738196,2720903.710838468,0,8.703369877374191
3.527492425214575,32700,7.115588264132764,1.3248710446545133,262052.05251928006,2746145.7302926173,0,8.796486035883554
3.540797468295338,32800,7.255287789134706,1.3363130647343007,262051.31833053587,2772057.339670386,0,8.892095159325978
3.554218762900752,32900,7.397784876505454,1.3481267697752746,262050.57067593076,2798685.426888747,0,8.990433581515443
3.5677600734904744,33000,7.5432734848123,1.3603214339840495,262049.80902259628,2826067.1306325104,0,9.091601443841379
3.581425245223332,33100,7.691936254141611,1.3729036955350504,262049.0328112556,2854241.68044317,0,9.195704754267915
3.5952181713822586,33200,7.8439337456771625,1.3858762780828038,262048.24145660433,2883250.4183261264,0,9.30285511418976
3.6091427474365587,33300,7.999392795195998,1.3992366063541555,262047.43434849422,2913136.7835700475,0,9.413169156639356
3.623202811036014,33400,8.158394420010785,1.4129753909086804,262046.61085402028,2943946.2534737503,0,9.52676765652272
3.6374038934418587,33500,8.328899509082769,1.427764669365152,262045.7702119486,2975730.3627620805,0,9.643820519075328
3.651759125794579,33600,8.50992085998012,1.443498262398364,262044.91117017303,3008560.8489447646,0,9.764694071003186
3.666273421526418,33700,8.694936923880782,1.4595778178606227,262044.03292038382,3042494.3333629863,0,9.889563621383378
3.680950147196502,33800,8.884161808244217,1.4759840175521073,262043.13471235667,3077586.490964444,0,10.018577151300775
3.695792457183717,33900,9.077811316555756,1.4926932966185253,262042.21577418825,3113895.004256158,0,10.151887841844175
3.710803238343577,34000,9.276073268970631,1.5096751624298839,262041.27531458833,3151479.408045329,0,10.289653437936963
3.725985025986978,34100,9.479071044674384,1.5268891901793422,262040.3125272483,3190400.824489057,0,10.432034769347794
3.7413398897513312,34200,9.686822450047806,1.5442820810571585,262039.32659758045,3230721.5677180686,0,10.579193250885181
3.7568692923651326,34300,9.899197155607114,1.561785276867896,262038.31671188137,3272504.606730686,0,10.731287255449441
3.7725739295370797,34400,10.115876953420441,1.5793136702757287,262037.28206861272,3315812.889632007,0,10.888467362684167
3.7884535644321278,34500,10.336323741195915,1.5967658988018516,262036.2218911473,3360708.5504525676,0,11.050870625730195
3.8045068743446664,34600,10.55976018765304,1.6140265422050892,262035.13544094618,3407252.03918261,0,11.218614153186234
3.820731329068488,34700,10.785167249835244,1.630970262334329,262034.02202990046,3455501.23256687,0,11.391788447768757
3.837123119148764,34800,11.011300978701492,1.64746757372898,262032.88103049906,3505510.593383345,0,11.57045104607155
3.8536771473351528,34900,11.236728451067293,1.663391588804854,262031.71188265303,3557330.4458187344,0,11.75462103439228
3.8703956766462615,35000,11.512431673960124,1.6821341591735792,262030.51347619438,3611034.3670546943,0,11.944595724954056
3.887324170177788,35100,11.845039454299709,1.7036441567434837,262029.28148234828,3666841.78189047,0,12.142321436295614
3.904463379143182,35200,12.182707918122292,1.7242321980606792,262028.01465056732,3724835.6060339306,0,12.34825477249227
3.921803060445478,35300,12.522814293541671,1.7436960235267613,262026.71250386155,3785061.6348098703,0,12.562475865227256
3.9393310963805495,35400,12.862261615798204,1.7618647181424862,262025.37470363968,3847556.2702522343,0,12.784982759138419
3.9570338446924818,35500,13.197515310152959,1.7786054667953828,262024.0010375299,3912346.594054064,0,13.015683065358786
3.974896536343788,35600,13.524657313269737,1.7938262266632892,262022.59140214248,3979450.812309858,0,13.25438766484115
3.9929036792861243,35700,13.839453438908851,1.807474271268468,262021.14578334673,4048878.9795030067,0,13.500806471462997
4.011044617725474,35800,14.210896305790975,1.8223797185692576,262019.66380920482,4120654.6793126413,0,13.754870754977999
4.029356775855991,35900,14.689285812934639,1.8397847360232453,262018.14109246834,4194995.1900529135,0,14.019544696149534
4.047830076402395,36000,15.144058991201197,1.8546046630904545,262016.57703167904,4271933.868155033,0,14.295175544988732
4.066439424737769,36100,15.566686932878314,1.8670008070295934,262014.9723412504,4351436.040273492,0,14.581008787227766
4.08516154015645,36200,15.948944135670116,1.8771701002871959,262013.3276862277,4433465.513000467,0,14.876116822635108
4.104007388739376,36300,16.64242380493861,1.8933620105938807,262011.64074796578,4518132.914478539,0,15.1826056225501
4.123016812854929,36400,17.39418999977206,1.9080707174121212,262009.90643074753,4605689.9006189965,0,15.506220240417171
4.142156479043378,36500,18.089816700775213,1.9194732171967421,262008.12617838255,4696058.309804949,0,15.845929393114037
4.161396103039906,36600,18.708706360243205,1.9281218664821058,262006.30133106897,4789160.4668940045,0,16.20008345350756
4.180710598375979,36700,19.232031524971237,1.934497422775218,262004.43290401407,4884930.104141854,0,16.566669040151943
4.200079620459119,36800,19.70435170814375,1.9396105937851178,262002.52159818355,4983311.07629399,0,16.943444003566583
4.219511997217796,36900,20.436030267308617,1.9464971985881314,262000.5652824421,5084386.477964143,0,17.333723956278657
4.239001163250575,37000,20.994720167363397,1.951028759090016,261998.5633279794,5188154.221194768,0,17.73777000420154
4.258525765053468,37100,21.348973935882626,1.9536194210646995,261996.51670614764,5294518.9498414565,0,18.151501228404296
4.278069855288965,37200,21.769982863141667,1.9564437787985458,261994.42597425514,5403395.512248928,0,18.57103931819413
4.297671337641673,37300,23.028617066740406,1.9634947617771612,261992.28588670376,5514991.399941897,0,19.010316064721895
4.317331827122478,37400,24.139816014268032,1.9683392955680372,261990.0949400424,5629311.95733122,0,19.474297389470262
4.3370323371473845,37500,25.04776120555664,1.9715624814725854,261987.8539765104,5746236.116364216,0,19.95919532871798
4.356758725520588,37600,25.701903038569966,1.973553444782923,261985.5634447901,5865664.85080404,0,20.460209599097126
4.376499942188415,37700,26.061385270906893,1.9745458830248714,261983.2235588039,5987518.616105043,0,20.971659273699622
4.396246627858495,37800,26.09919332116536,1.9746463944868686,261980.8344339761,6111734.316041382,0,21.487201778676116
4.4159899162386225,37900,25.80546546864392,1.9738463294869382,261978.39621589708,6238259.785648383,0,22.000127949109256
4.4357320928411985,38000,26.43136295981873,1.9754995054561013,261975.90771656018,6367122.060817128,0,22.512409007465937
4.455497977862423,38100,27.305294289917683,1.977509424409651,261973.36478977176,6498505.116516052,0,23.044073313481807
4.475278779083185,38200,27.79701954844878,1.9785082489046182,261970.76747569855,6632373.258262816,0,23.589734861423473
4.495065181056298,38300,27.860247602667297,1.9786304647757853,261968.11596954748,6768674.266548729,0,24.141096867697293
4.514848457156123,38400,27.47207795851122,1.9778580772324243,261965.4104838645,6907342.779985432,0,24.68917148274304
4.534618885076122,38500,26.63675424059698,1.9760012287129203,261962.65147331063,7048289.018962499,0,25.224763425581653
4.554364771108291,38600,25.823303595136085,1.9738961972365565,261959.8397978362,7191394.802497795,0,25.73978239927902
4.574115506601424,38700,26.643413036226853,1.9760171779925009,261956.97044025146,7336838.290851334,0,26.258687861008987
4.593880487453812,38800,26.973286418010304,1.9767833759583917,261954.04104782746,7484663.981729171,0,26.789392685108517
4.613651061642664,38900,27.187768128316705,1.9772573850674755,261951.0519189867,7634791.2402565675,0,27.325132931111312
4.6334227278059394,39000,27.033612157232152,1.9769185676718632,261948.00281266114,7787179.496314077,0,27.86184325069268
4.653186117371501,39100,26.452609764392427,1.975552296224989,261944.89431551384,7941760.40104877,0,28.391088312203262
4.6729305489563115,39200,25.819826971534646,1.973886491346835,261941.72733973592,8098462.270685779,0,28.904937519864067
4.692674498528889,39300,26.152319036664316,1.9747864254768428,261938.498111873,8257453.792290829,0,29.41843417697929
4.712423710552715,39400,26.20701275565806,1.9749291381450913,261935.2047576626,8418813.116433922,0,29.935948177551506
4.732170392736783,39500,25.95288257698771,1.9742534226402524,261931.84763846663,8582510.773629226,0,30.451466881072157
4.751905580708713,39600,25.370711808232116,1.9725768665678967,261928.4274092302,8748504.52597184,0,30.958452006718606
4.771617619325678,39700,24.455237855067974,1.9695256844428952,261924.94531238888,8916725.504200794,0,31.45007622634914
4.791304011044124,39800,24.001314076710578,1.9677940171374608,261921.4010739136,9087181.095972568,0,31.926813620115656
4.8109824438284345,39900,24.09113103153867,1.9681493659492606,261917.79070694622,9260059.351129489,0,32.39937924702142
4.830664704595761,40000,24.09393332097899,1.9681603490671047,261914.11108076593,9435506.817618828,0,32.873933495439296
4.850344235560206,40100,24.162359213361036,1.9684266095306855,261910.36240927022,9613507.443311924,0,33.34706740799368
4.8700403880054495,40200,24.78591292255252,1.97069171155125,261906.53990948544,9794273.427880239,0,33.82935907591246
4.889755337208521,40300,25.245960576095385,1.9721925493654753,261902.64193171656,9977853.831416273,0,34.32284829541084
4.909481810925977,40400,25.511106996953014,1.9729984450679032,261898.66870270664,10164197.429705307,0,34.82382073998893
4.929213061904438,40500,25.56051808673267,1.9731441279621762,261894.62044146407,10353249.57266204,0,35.3280396471277
4.948942506076838,40600,25.38712015244475,1.9726267285380878,261890.4974293752,10544958.54556142,0,35.830986905372356
4.9686637446434085,40700,25.100436563090856,1.9717323163723641,261886.30000254358,10739281.958982524,0,36.32842181322261
4.988378929992682,40800,24.946362927963836,1.9712305864875348,261882.0267173851,10936270.022996487,0,36.82196352789224
